sentence,tag
Morrisons book second consecutive quarter of sales growth,0.43
IMI posts drop in first-quarter organic revenue; warns on full year,-0.34400000000000003
"Glencore to refinance its short-term debt early, shares rise",0.34
EasyJet attracts more passengers in June but still lags Ryanair,0.259
Barclays 'bad bank' chief to step down,-0.231
Bilfinger Industrial Services win Â£100m BP contract extension,0.113
Bilfinger Industrial Services win Â£100m BP contract extension,0.424
Barclays share price subdued as bank faces fresh forex probe,-0.373
Centrica prepared for takeover approach - chairman,0.111
Jim Armitage: Spare no tears as Glencore's bosses are paying such a small price,-0.231
"Barclays, Deutsche Bank Fight to Lift Profit Just Got Harder",-0.221
Kingfisher set to open another 200 Screwfix stores,0.541
Diageo sales disappoint as currency and comparatives leave bitter taste,-0.545
Smith & Nephew recalls hip-replacement components,-0.522
Tesco is torn apart as watchdog finds supermarket repeatedly withheld payments from suppliers,-0.775
Is Trouble Brewing At Legal & General Group Plc And Aviva plc?,-0.271
Here's my 10-point plan to make Tesco great again,0.09
"Schroders posts FY profit beat, replaces CEO and chairman in board shake-up",0.052000000000000005
BP Seeks to Get Back Some Gulf Oil Spill Business Payouts,0.181
"Can Standard Chartered PLC, BP plc & Burberry Group plc Keep Charging?",0.0
"UPDATE 1-BP reports worst annual loss in at least 20 years, cuts more jobs",-0.989
Insurers: Admiral blows hot and cold but Aviva soars pre-Friends Life merger,0.053
"L&G still paying price for dividend cut during crisis, chief says",-0.338
Insurers: Admiral blows hot and cold but Aviva soars pre-Friends Life merger,0.314
"Whitbread eyes savings, price rises to offset wage rises",0.139
Britain's FTSE lifted by solid Kingfisher,0.653
Novo Nordisk and AstraZeneca seek tonic from key drug trials,0.099
Kingfisher takeover of Mr Bricolage could hit a brick wall,-0.311
BP wins right to appeal some Gulf spill damages claims,0.23600000000000002
Dixons Carphone profit boost on strong sales,0.47800000000000004
UK MORNING BRIEFING: Sky And Hargreaves Lansdown Bookend FTSE 100,0.128
Johnson Matthey profit lifted by metals unit sale,0.40700000000000003
"Barclays, Credit Suisse strike record deals with SEC, NY over dark pools",-0.902
UPDATE 1-Shire takes Q2 earnings pain for long-term gain,-0.17400000000000002
Drugmaker Shire to buy Baxalta for $32 billion after 6-month pursuit,0.437
Standard Chartered considering move from UK,0.166
Philippines' San Miguel says to partner with Kirin if it bids for SABMiller's ...,0.24
US cancels Arctic offshore lease sale after Shell drops interest,-0.019
Shire CEO steps up drive to get Baxalta board talking,0.203
UPDATE 1-Oil major BP freezes pay in 2015 to cut costs,-0.2
Brazil Vale says will appeal ruling to block assets for dam burst,-0.131
"BHP Billiton posts big loss, slashes dividend",-0.9380000000000001
Reaching New Depths: Glencore's $5bn Loss,-0.913
UPDATE 2-EasyJet sees better first half on lower fuel bill,0.778
Britain's FTSE advances as Royal Mail rises,0.47600000000000003
CompaniesTesco sheds Harris & Hoole coffee shops,0.30000000000000004
News FeedFTSE 100 movers: Standard Chartered lifted while AstraZeneca sinks,0.509
Fitch: Citi's 1Q'15 Reports Much Improved Results,0.378
Landlord Hammerson's NAV rises on increased leasing activity,0.659
CompaniesMetro Bank raises Â£400m ahead of London listing,0.296
New Morrisons duo get former boss's support to diffuse investor tension,0.14300000000000002
WPP Q1 Revenue Rises Over 8% - Quick Facts,0.668
Barclays raises 603 million pounds from African business share sale,0.309
REFILE-Aviva Investors to move 34 bln euros in assets from AXA fund arm,-0.398
Dividends Unleashed At Royal Bank of Scotland Group plc,0.425
"Irish Said Chasing Standard Chartered, RBS as Brexit Vote Nears",0.128
"EXCLUSIVE-BP, China's CNPC to unveil oil alliance - sources",0.326
RBS and Barclays shares temporarily suspended amid heavily losses,-0.9410000000000001
BP sees Q1 earnings slide as low oil prices take their toll,-0.376
Johnson Matthey revs up on clean air drive,0.224
Tesco boss urges rethink on minimum wage and business rates,0.17300000000000001
Is It Worth Investing In Tesco PLC And Prudential plc Now?,0.161
RBS will reportedly appoint Howard Davies as its next chairman,0.089
UPDATE 1-Seattle flotilla protests Shell's Arctic drilling plans,-0.338
Petrofac books further Â£30m cost for Shetland gas terminal delays,-0.343
G4S suspends workers at UK youth centre over allegations of unnecessary force,-0.323
TalkTalk hires BAE Systems to investigate cyber attack,0.217
Osborne extends Lloyds sell-off plan,-0.311
UPDATE 1-Dairy Crest loses a third of Morrisons milk contract,-0.902
CompaniesLord Livingston joins Dixons Carphone,0.364
Tesco names Deloitte as new auditor after accounting scandal,0.26
World's banks may halve jobs and branches within 10 years - Barclays ex-boss,-0.521
Severn Trent share price rises as first half profit inches up as customer ...,0.526
Clinigen chosen by AstraZeneca to manage access programme for next ...,0.328
Valeant's Pearson says timing of return uncertain,-0.044
Aviva suspends trading in Â£1.8bn UK property fund,-0.78
Horizonte acquires neighbouring Glencore nickel property in Brazil,0.182
Indy future in doubt as Johnston Press lines up deal for 'i',0.155
Glaxo's ViiV Healthcare Signs China Manufacturing Deal With Desano,0.277
"BHP Billiton half-year profit falls, beats forecasts",0.082
Royal Dutch Shell to Buy BG Group for Nearly $70 Billion,0.259
Barclays to speed up cost-cuts after new mis-selling hit,-0.25
"CEOs of BPM, UBI meet Italy econ minister as M&A talk heats up",0.133
HSBC Hit by Fresh Details of Tax Evasion Claims,-0.594
"CaixaBank, dos Santos Agree on Plan for BPI Angola Exposure",-0.092
"BPI Says Caixabank, Isabel dos Santos Reach Agreement Over Angola Exposure",0.221
Wolseley says Nicholls won't join as finance chief,-0.08700000000000001
UK lawmakers warn Royal Mail against further price hikes,-0.164
StanChart and RBS struggle in Bank of England stress tests,-0.39
StanChart may see white knight takeover on painful recovery - CLSA,-0.155
AstraZeneca suffers setback after drug fails to treat eye cancer,-0.392
News FeedFTSE 100 movers: Standard Chartered lifted while AstraZeneca sinks,-0.666
Retail giant Kingfisher reports 'solid' start to the year,0.368
Unilever Continues to Battle Soft Demand,-0.264
Fresnillo Production Surges But Profit Hit By Lower Prices,0.21
Helge Lund moves to BG a month early,0.05
"Tesco set to sell Kipa, Giraffe businesses - Sky News",-0.192
"RBS warns of higher misconduct charges, obstacles ahead",-0.383
"DBS, Julius Baer emerge as potential bidders for Barclays Asia wealth unit ...",0.307
Standard Life slips as Greek worries peg back Britain's FTSE,-0.40700000000000003
Glencore sells agri unit stake for $2.5 billion to Canadian pension fund,0.466
FCA bans former RBS Libor submitter,-0.28500000000000003
AB InBev's Latest Bid Said Unlikely to Win SABMiller's Approval,0.127
Standard Chartered Not Raising Capital Yet As Dividend Cut,-0.158
"Tesco set to sell Kipa, Giraffe businesses - Sky News",0.23
United Utilities FY profit up 3.5%; to boost capex,0.42
Sale of Tesco's Clubcard business to WPP on the verge of collapse,-0.518
UK's Osborne may sell state-owned RBS shares at a loss -paper,-0.30000000000000004
Tesco Sale Is Asia's Biggest Private-Equity Deal,0.378
Industry NewsWolseley confident in reslilience amid mixed markets,0.28700000000000003
Japan's Nikkei lands Financial Times in $1.3 billion deal,0.262
UPDATE: Peter Long To Be Chairman Of Both Royal Mail And TUI AG,0.0
UK regulators license BAT e-cigarette as quit-smoking medicine,0.461
"Aviva, M&G suspend property funds as investors panic",-0.782
British American Tobacco drops and sues PwC over pollution scandal,-0.528
Aberdeen's shares slide as net outflows accelerate,-0.434
REFILE-Hikma and Barclays help Britain's FTSE to climb higher,0.452
"Kraft, Cadbury's and Britvic in Total Recall: how pulling a product affects profit",-0.13
Standard Chartered share price: Aberdeen CEO would back potential capital increase,0.167
Severn Trent share price jumps as Canadian investor renews pursuit of utility,0.433
France raises concerns over proposed LSE-Deutsche Boerse deal,-0.34700000000000003
Bunzl blames weakness in United States for first-half revenue slowdown,-0.335
Tesco criticised for 'disgraceful' advert showing domestic worker being slapped,-0.498
Tushar Morzaria is bookies' favourite to be new Barclays chief executive,0.0
CompaniesG4S claims 'positive' start to the year,0.303
"UPDATE 3-BP settles oil spill-related claims with Halliburton, Transocean",-0.042
Shares in BAE Systems hit 10-month high on rating upgrade,0.905
GE to Sell Majority Stake in Bank BPH's Core Bank to Alior Bank,0.233
Royal Dutch Shell plc: Shell Updates on Alaska Exploration,0.0
City spirits sink after Diageo comes up short with sales slide,-0.521
Tesco sales recover as focus returns to core business,0.35000000000000003
London Stock Exchange unit in talks to operate Plato venue,0.14400000000000002
ARM Holdings plc Partners With International Business Machines Corp. To Drive ...,0.34500000000000003
GSK joins China trade push as UK trumpets healthcare deals,0.294
"Goldman Sachs, Barclays, HSBC downplay Brexit threat",0.0
HSBC marks muted 150th birthday party with grain of rice sculptures,0.0
Barclays appoints JPMorgan's Paul Compton as new COO,0.036000000000000004
Standard Chartered Shares Jump Most Since '12 After Upgrades,0.989
Italy Probes Shell's Role in Purchase of Nigerian Oil Block,-0.231
Shropshire and Mid Wales trains to be hit again in new strike by Arriva drivers,-0.4
Friends Life lifts profits 38% and hikes divi ahead of proposed Aviva takeover,0.138
Randgold profit hit by poor gold price but dividend still increases,-0.052000000000000005
AstraZeneca does US$770mln anaesthetic deal,0.365
AB InBev's Latest Bid Said Unlikely to Win SABMiller's Approval,-0.369
ITV share price jumps on report of Comcast's NBCUniversal bidding to takeover ...,0.611
Diageo Sells Ryder Cup Venue Gleneagles Hotel to Ennismore Group,0.182
Pearson to cut 4000 jobs as it warns on profits,-0.664
"FDA panel backs safety updates for AstraZeneca, Takeda drugs",-0.198
LSE-Deutsche Boerse merger would signal end to exchange mega-deals,0.105
"Intertek Hit By Pound Strength, Oil & Gas Slowdown; Still Ups Dividend",-0.391
Tesco says recovery plan working after profit collapse,0.213
Kinder Morgan and BP Form Joint Venture Limited Liability Company to Purchase ...,0.20800000000000002
Shell and BG Shareholders to Vote on Deal at End of January,0.0
"Intercontinental Hotels, Starwood held early deal talks - FT",0.145
Warren Buffett's Berkshire Hathaway buys stake in Apple,0.481
Sunday Papers: Shire told to raise its offer by Baxalta investors,0.343
"Britain's FTSE bounces back, Mondi and Barratt lead",0.558
Glencore slashes 2015 capex budget as annual profits slip 2%,-0.37
Anheuser-Busch InBev Increases Offer for Rival SABMiller,0.123
Sainsbury CFO Rogers to Replace Home Retail CEO Walden,0.0
"UPDATE 2-Exchanges, Barclays win dismissal of US high-frequency trading case",0.212
MarketsUS industrials lag as Barclays dims view,-0.34
Zurich Insurance Considering Offer for UK Rival RSA Insurance,0.376
US DOJ antitrust unit subpoenas Mylan over pricing of doxycycline,-0.86
AstraZeneca sells US gout drug rights to Ironwood for up to $265 million,0.335
"Shell, Chevron Await LNG's Return From `Pause Mode'",0.057
Companies raise less money on London Stock Exchange in 2015,-0.199
Shell and BG Shareholders to Vote on Deal at End of January,0.0
Glencore shares rally after miner hits back,0.40700000000000003
ABN Amro: Bank that brought down RBS poised for return to the market,0.353
Verizon and AT&T accused of hurting rivals,-0.447
ARM swings to profit in fourth quarter,0.549
Johnson Matthey profit falls but dividend rises,0.0
Auto Trader share price surges as company floats on LSE,0.655
ConAgra Names Former Hillshire Farms CEO Connolly to Top Post,0.1
Hargreaves Landown slides on trading update,-0.464
"Sainsbury's, Asda, Tesco and Morrisons will all cut petrol prices as oil falls ...",-0.226
"WPP, World's Largest Ad Agency, Reports Strong 2015 Growth",0.555
Shell Targets Gains From Brazil to LNG With Takeover of BG Group,0.5660000000000001
Four former Barclays bankers jailed over Libor,-0.84
Tesco Cut to Junk at Moody's on Concern Revival to Take Time,-0.623
LPC-Glencore launches refinancing of $8.45billion loan,0.193
"London open: Taylor Wimpey and Ashtead drive markets higher, Barclays falls",0.514
Easyjet targets business travellers with new perks,0.147
BP joins forces with Det Norske in Norway,0.24
Shire proposes $30 bln all-share tie-up with Baxalta,0.269
Tesco sales rise shows tentative recovery continues,0.256
Valeant Names Interim Leader as CEO Remains Hospitalized,0.0
AstraZeneca weighing up Acerta bid to secure blood cancer drug,0.28400000000000003
BP asks for lower fine in penalty phase of Gulf spill trial,-0.16
MarketsShire up 2.5% and Baxalta up 6% on $32bn deal,0.487
"Warren Buffett's Awesome Feat at Berkshire Hathaway, Revisited",0.156
Lloyds Banking Group's share price lifts amid reports bank is poised to axe hundreds of UK jobs,0.292
SSE cuts gas prices by 4.1% to become fifth of 'Big Six' providers to slash energy ...,-0.17300000000000001
Silicon Fen' champion brings exacting approach to Rolls-Royce,0.099
Tesco Said to Discuss Central and Eastern European Unit Sale,0.364
Glencore launches refinancing of credit line,0.199
Should You Follow Berkshire Hathaway Into Apple Stock?,0.023
UK WINNERS & LOSERS: Aviva And Friends Life Lead FTSE 100 Gainers,0.516
FDA approves Shire's Vyvanse for binge-eating disorder,0.291
Entertainment One dispels ITV takeover rumours,0.138
"Despite sales growth, UK's Tesco cautions recovery to be bumpy",-0.077
Oil Giant Shell to Cut Around 2800 Jobs Amid BG Takeover,-0.5640000000000001
BAE Systems banks on US defence spending to fix sales slide,-0.069
UK Christmas power demand to be lowest in 16 years â€“ National Grid,-0.334
CompaniesCompass serves up half year profit rise,0.426
UK MORNING BRIEFING: Sky And Hargreaves Lansdown Bookend FTSE 100,-0.15
InterContinental Hotels Group share price climbs on $1.5bn special dividend,0.631
AstraZeneca in Talks to Buy Cancer Drug Developer Acerta Pharma,0.21
Amazon to attack UK grocery market with Morrisons deal,0.34900000000000003
Tesco made a bit of a crucial error in this promotion for Ramadan...,-0.265
"Falling oil prices hurt Hunting, Weir Group",-0.553
Morning Agenda: Shire's Deal for NPS,0.195
AstraZeneca wins FDA approval for key new lung cancer pill,0.549
FCA set to fine Lloyds record Â£100m over PPI,-0.84
"Barclays's Next CEO Should Be Investment Banker, Aberdeen Says",0.1
RBS and Barclays shares temporarily suspended amid heavily losses,-0.971
Shire to buy NPS for $5.2 billion to boost rare disease drugs,0.23500000000000001
Tesco's boardroom clearout continues,-0.168
BHP Billiton says no settlement yet on Brazil dam disaster,-0.2
Arm buoyed by race to build the internet of things,0.352
AstraZeneca diabetes drug combination faces delay after FDA rebuff,-0.391
Amazon's grocery deal with Morrisons is only the beginning,0.389
BAE Systems's sales boosted by European Typhoon and currencies,0.39
CompaniesAberdeen Asset Mgt reports 10th consecutive quarterly outflows,-0.612
Barclays CEO poaches risk head from JP Morgan,-0.1
BP signs $12 billion energy deal in Egypt,0.48
Shire says internal synergy goals from Baxalta deal higher,0.23
WPP wins race for 'programmatic buying' agency Essence Digital,0.299
Drugmaker Shire to buy Baxalta for $32 billion after 6-month pursuit,0.75
AstraZeneca investment eats into profit,-0.064
"AstraZeneca bags another cancer drug deal, this time with Inovio",0.316
CompaniesCentrica shares drop 7% amid capital raise,-0.429
Miners Meltdown as BHP to Rio Tinto Sink in Commodities Rout,-0.665
UPDATE 1-Britain's Tullow says makes new oil find in Kenya,0.402
Britain's power supplies enough to meet winter demand - National Grid,0.279
Barclays PLC & Lloyds Banking Group PLC Are The 2 Banks I'd Buy Today,0.434
UPDATE 3-Buffett's Berkshire raises oil bet with Kinder Morgan stake,0.189
"UPDATE: EasyJet Passenger Numbers, Aer Lingus Traffic Up In February",0.315
PRESS: US High-Frequency Lawsuit Against Barclays Dismissed - Reuters,0.231
Shell CEO van Beurden's remuneration fell in 2015,-0.1
"Aberdeen AM posts H1 outflows, says conditions to remain challenging",-0.364
"Kraft, Cadbury's and Britvic in Total Recall: how pulling a product affects profit",-0.179
Shell seeks to remove Greenpeace activists from oil rig,-0.035
"UPDATE 3-BP settles oil spill-related claims with Halliburton, Transocean",-0.121
Pearson Forecasts Rising Earnings as Reorganization Pays Off,0.386
Morrisons faces festive sales test,-0.113
Aviva shuts Friends Life head office in rapid integration move,-0.09
Tesco to pay Â£8m to settle class-action lawsuit after accounting scandal,-0.323
UPDATE 3-Stifel to buy former Lehman brokerage from Barclays,0.164
CompaniesRoyal Mail stake sale delivers Â£750m for taxpayer,-0.109
NYSE owner ICE may gatecrash Deutsche Boerse-LSE merger,0.056
Spain's Caixabank launches new takeover bid for Banco BPI,0.185
Former Aviva Investors analyst Mothahir Miah banned and fined Â£139000 by FCA ...,-0.373
ARM shrugs off smartphone slowdown as newer designs win share,0.178
UPDATE 1-Petrofac posts net loss hurt by Shetland Islands project costs,-0.446
Do it for me' trend underpins UK sales growth at Kingfisher,0.304
RBS invites pitches for broker role ahead of privatisation - sources,0.2
Bunzl delivers small profit increase for 2014,0.247
AB InBev Holds Talks With Regulators About California Deals,-0.018000000000000002
CompaniesMorrison evicted from FTSE 100 as Worldpay joins,-0.452
Barclays denies deferred prosecution offer from SFO,-0.196
LONDON MIDDAY BRIEFING: Kingfisher's French Expansion Hits The Rocks,-0.377
"PRESS: Serco Set To Appoint Roy Gardner, Ex-Centrica, As Chairman - FT",0.122
Tesco chief excutive Dave Lewis sees 'encouraging signs' despite profits tumble,0.211
"EasyJet ""Sneakairs"": Airline is testing smart shoes to help customers explore destinations",0.188
The Coca-Cola Company and Coca-Cola FEMSA to Acquire AdeS Soy-Based Beverage Business From Unilever,0.293
SSE faces profiteering accusations despite 5.3% cut in gas charges,-0.31
CompaniesRBS pulls a surprise: a 27% jump in profits,0.643
"Shell, Chevron Await LNG's Return From `Pause Mode'",0.067
Barclays settles with US investors over Libor manipulation,0.28500000000000003
"Tesco says recovery on track, asks investors to be patient",0.19
"Should you buy Associated British Foods plc, Great Portland Estates plc and Dunelm Group plc following today's news?",0.14
"UPDATE 1-Nomura, RBS must pay $806 mln in mortgage bond case-US judge",-0.6900000000000001
National Grid profit up 15%; gas sale on track,0.368
AstraZeneca chases Acerta to secure next cancer drug winner,0.519
"Prudential capital ratio beats forecasts, confirms UK head",0.337
CompaniesEx-City watchdog Turner joins Prudential board,0.0
"Militants fire rockets at Algerian BP/Statoil gas plant, no casualties",-0.444
BG Group Still Happy With Shell's $70 Billion Offer,0.23500000000000001
CompaniesAstraZeneca wins nod for 'blockbuster' hopeful,0.499
Shell to Lay Off Another 2200 Staff,-0.222
Carnival Corporation and China Merchants Group Sign Memo of Understanding ...,0.099
CompaniesDiageo stays neutral on India boardroom turmoil,0.0
Tesco to 'axe 10000 jobs' in 'simplification' drive to cut costs by 30 per cent,0.2
Barclays poised to replace Sir Mike Rake as he heads for exit,0.077
Tesco bans sugary drinks in â€œchildhood obesity driveâ€퀀,0.02
Tata Steel working with StanChart for UK unit sale - source,0.14300000000000002
Sainsbury's share price: Grocer launches click-and-collect,0.021
AO World shares tumble on profit warning,-0.8150000000000001
Shell Targets Gains From Brazil to LNG With Takeover of BG Group,0.148
Glencore tells investors it is on track to reduce debt: Barclays,0.278
Whitbread boss Andy Harrison defends sales fall as 'just a blip',-0.1
Borealis Infrastructure putting together new Severn Trent bid,0.214
AstraZeneca sells US drug rights to Perrigo for $380 mln,0.326
Aggreko 2015 Profit Declines - Quick Facts,-0.441
Pearson lags as UK's FTSE slips off record high,-0.372
RBS hands Â£3.3m of shares to top staff,0.12
Glencore sells agriculture stake for $2.5bn,0.423
Barclays says has spent $150 million on US 'living will',-0.075
RBS share price: Group plans to slash 600 jobs,-0.457
TRLPC - CRH backs Lafarge Holcim asset buy with 6.5 bln euro bridge loan,0.365
"Eurozone bank lending continues to recover, slowly, Barclays says",0.35000000000000003
RBS breaks with past by tearing investment bank apart,-0.05
Aberdeen Asset Management Gains Foothold In China,0.357
BP to pay investors $175m over Gulf spill claims,-0.637
Persimmon sees post-election pick-up,0.253
Fewer multi-buys hurt Sainsbury's market share,-0.35100000000000003
Australia clears AB Inbev's $100 billion SABMiller buyout plan,0.437
"London open: Taylor Wimpey and Ashtead drive markets higher, Barclays falls",0.508
AstraZeneca profit down as sales of stalwarts fade,-0.405
Tesco Mobile Partners with Unlockd to Change the Way Consumers Use and Pay for Their Mobile Phones,0.439
Associated British Foods helps FTSE to rebound,0.366
Why Shell Cut Ties to Conservative Lobby Group Over Climate Change,0.0
Johnson Matthey sells research chemicals unit to Thermo Scientific,0.28600000000000003
Tesco rebounds as buyers sense a bargain,0.546
"Valeant CEO Returns From Leave, Company Withdraws Guidance",0.001
AstraZeneca shares climb 3% as drug maker ups profits forecasts,0.64
"FastJet slams EasyJet founder Stelios for going public, is ""taking legal advice"" over letter about contractual ...",-0.23800000000000002
"Failure of leadership' behind Tesco troubles, says former CEO Leahy",-0.279
British American Tobacco says would fight UK 'plain packaging' law,-0.116
"Hammerson, JV Partner secure ownership of Ireland's Dundrum - Quick Facts",0.427
Asahi could be about to snap up more of SABMiller's beers ahead of AB InBev sale,0.329
"Are ARM Holdings plc, Domino's Pizza Group plc and ASOS plc 3 must-have growth stocks?",0.0
Persimmon reports strong trading despite EU vote and planning delays,0.359
NYSE owner ICE considers offer for LSE,0.096
CompaniesSanofi poaches immunology expert from AstraZeneca,-0.085
Mylan Appoints Ranjan Ray Chaudhuri as Global Commercial Lead for Mylan's Over ...,0.0
BP ends 27-year sponsorship of Tate as falling oil price takes toll,-0.293
Royal Dutch Shell pulls plug on Arctic exploration,-0.38
Horizonte acquires neighbouring Glencore nickel property in Brazil,0.258
"Standard Chartered, RBS Escape Capital Raising in Stress Test",0.321
FDA approves AstraZeneca drug for advanced lung cancer,0.507
Barclays poaches new chief operating officer Paul Compton from JP Morgan Chase,0.105
"Water utility Severn Trent ups savings forecast, FY profit falls",0.177
Reed Elsevier shares cool after profit dip,-0.369
BAE Systems lines up oil exec Woodburn as next CEO -source,0.074
Diageo share price: Group issues half-year update,0.0
CompaniesDiageo moves CFO to lead North American business,0.0
"RBS, Lloyds Most Exposed to Commercial Property, JPMorgan Says",-0.2
Legal & General share price: Finance chief to step down,-0.166
CompaniesLSE adds ex-SEC head Schapiro to board,0.076
"European shares fall on Chinese import data, SABMiller soars",0.353
"News FeedSchroders books solid earnings growth, several board changes",0.5
"Valeant, AstraZeneca strike psoriasis drug deal",0.23800000000000002
Barclays considers acquisition to help split off retail arm,0.252
CFTC fines Barclays $560000 for inaccurate swaps position reports,-0.732
Merged LSE and Deutsche BÃ¶rse would be led by Germany's Kengeter,0.146
Tesco turnaround gathers pace under new CEO,0.426
"Tesco, Asda sales fall as march of the discounters continues: Kantar",-0.398
"METALS-Zinc soars 10 pct, fuelling metals surge after Glencore cuts output",0.253
BP cuts capex for third time this year to deal with weak oil,-0.268
Aspen to Buy Anaesthetics From AstraZeneca for $520 Million,0.395
Sainsbury chief warns of squeeze on high street retailers,-0.397
US sanctions put Gazprom-Shell alliance plans in jeopardy,-0.314
UPDATE 6-Royal Dutch Shell pulls plug on Arctic exploration,-0.40700000000000003
AB InBev to Sell SABMiller Stake in China's Snow Beer,0.004
Persimmon share price climbs on 23% rise in full-year revenue,0.975
Royal Mail hands chief executive Moya Greene a 13% rise in her pay package,0.053
Travis Perkins to create 4000 jobs,0.53
LSE-Deutsche BÃ¶rse dealmakers wrong to ignore Brexit risk,-0.41500000000000004
Britain cuts Lloyds Banking Group stake to below 17 pct,-0.317
LONDON MORNING BRIEFING: HSBC And Standard Chartered Shares Rise,0.543
BP Reports $583 Million Loss in First Quarter,-0.741
"Britain's FTSE led lower by ITV, William Hill",-0.637
Barclays set to name former JPMorgan banker Staley as new CEO,0.0
Friday Papers: Sir Philip Green sells BHS for Â£1,0.157
"Warren Buffett's Berkshire adds to favorites IBM, Wells Fargo",0.25
Spain's CaixaBank Expects To Close Deal For Banco BPI,0.375
How Kraft-Heinz Merger Came Together in Speedy 10 Weeks,0.214
Persimmon revenues lifted 12% by post-election confidence,0.384
REFILE-Aviva Investors to move 34 bln euros in assets from AXA fund arm,0.163
US urges final approval of $20 billion BP oil spill pact,-0.355
Diageo Sells Ryder Cup Venue Gleneagles Hotel to Ennismore Group,0.23700000000000002
UPDATE 1-GSK-linked investigator freed early from China jail - source,0.2
"FTSE hits three-week low as financials, Tesco fall",-0.612
LSE-Deutsche BÃ¶rse dealmakers wrong to ignore Brexit risk,-0.47300000000000003
Weir Group offloads two renewables units,0.09
Aggreko says first half profits will be lower as the oil price rout claims its latest victim,-0.546
"Industry NewsRevenue, earnings take a tumble at Weir Group",-0.627
"News FeedFTSE 100 movers: Ashtead jumps on strong interims; Glencore, BP in ...",0.461
"Sharm el-Sheikh travel disruption: British Airways, EasyJet, Thomson and ...",-0.6000000000000001
London stock exchange shareholders vote on merger deal under Brexit cloud,-0.359
"UPDATE: AstraZeneca's Selumetinib Gets Orphan Drug Label, Good AZD9291 ...",0.289
Intercontinental Exchange Opts Not to Bid for London Stock Exchange,-0.127
Dave Lewis paid Â£4.1m for first 6 months at Tesco,-0.15
Weir Group says first-half profits will be 'slightly ahead' of expectations,0.323
Glencore Sells $2.5 Billion Stake in Agriculture Unit,0.259
AstraZeneca : FDA Panel Reviews Savor Study Results For Onglyza ...,0.075
Hargreaves Lansdown bucks weak markets to see assets rise 2.6 percent,0.5710000000000001
"Britain's FTSE hits three-week low as financials, Tesco fall",-0.6910000000000001
Trading ExpertBROKER RECOMMENDATIONSUBS ups RBS to 'buy' as it re-initiates coverage on UK banks,0.833
"3G Capital, Warren Buffett's Favorite Partner in Deals Worth Billions",0.247
Shell's $70 Billion BG Deal Meets Shareholder Skepticism,-0.34500000000000003
GKN to buy Fokker Technologies for 706 mln euros,0.276
Questor share tip: Mondi shares jump 10pc on strong start,0.789
"Berkshire discloses unit's ties to Iran, opens probe",-0.28800000000000003
"Rio Tinto swings to loss, drops dividend policy",-0.511
Rio Tinto Reaffirms Goal for Iron Ore Output,0.309
Shares in easyJet fall to three-year low after Brexit profit warning,-0.804
Shire share price: Group releases full-year results,0.4
AstraZeneca share price: Company to carve out antibiotic R&D unit into separate ...,0.219
Ex-Barclays Trader Johnson Pleaded Guilty to Libor Fixing,-0.426
SABMiller buys Meantime to quench thirst for craft beer,0.41500000000000004
Standard Chartered to slash costs as profits plunge 25%,-0.78
Buffett's Berkshire delivers 9.8% profit growth,0.668
"Rio Tinto CEO Sam Walsh rejects fears over China growth, demand",0.114
CompaniesShell sells stake in Showa Shell Sekiyu for $1.4bn,-0.036000000000000004
Reed Elsevier to rename itself RELX Group,0.0
Sotheby's chairman takes his final sale,-0.06
Insight hires Aviva's David Hillier for multi-asset team,0.137
Shell offers 50 percent premium to buy BG for $70 billion,0.393
Novartis buys remaining rights to GSK treatment in deal up to $1 billion,0.217
AB InBev to sell Peroni and Grolsch,0.256
Unilever posts weaker-than-expected fourth quarter,-0.373
UPDATE 1-Dairy Crest loses a third of Morrisons milk contract,-0.161
Rolls-Royce Wins $9.2 Billion Order From Emirates Airline,0.724
Entertainment One dispels ITV takeover rumours,0.003
NYSE owner ICE considers offer for LSE,0.396
Novartis buys remaining rights to GSK treatment in deal up to $1 billion,0.276
"EU drops Shell, BP, Statoil from ethanol benchmark investigation",0.262
"HSBC Preparing Job Cuts That May Target 20000 Workers, Sky Says",-0.5
"UPDATE 3-BP settles oil spill-related claims with Halliburton, Transocean",-0.388
"PRESS: Serco Set To Appoint Roy Gardner, Ex-Centrica, As Chairman - FT",0.195
RBS bosses ordered to go out and meet small firms,0.1
AB InBev offers to sell some SABMiller brands,0.20700000000000002
RPT-UK supermarkets braced for battle as Tesco comes out fighting,0.155
"UPDATE 1-Glencore flags sale of some Australia, Chile assets",0.166
Barclays says not been offered deferred prosecution deal by SFO,0.1
Aviva promises higher dividends to boost flagging share price,0.281
Brewer AB InBev seeks $275 bln tie-up with SABMiller,0.278
Intercontinental Exchange Opts Not to Bid for London Stock Exchange,-0.303
"Glencore Cuts 2015 Budget, Plans To Divest From Lonmin",-0.26
HSBC Posts Surprise Fourth-Quarter Pretax Loss of $858 Million,-0.756
Earnings surge as fund manager Schroders reports a record year,0.9420000000000001
Eurocrat left best-placed to unravel London Stock Exchange deal,-0.352
Lawmakers worry AB InBev beer deal will hurt craft brewers,-0.033
StanLife leads FTSE after strong earnings,0.8150000000000001
Lloyds Banking Group eyes return to dealmaking with MBNA bid,0.365
Anheuser-Busch InBev Increases Offer for Rival SABMiller,0.24
"UK government sells more Lloyds shares, cuts stake to below 12 percent",-0.532
Kinder Morgan and BP Form Joint Venture Limited Liability Company to Purchase ...,0.225
Tesco says UK store closures put 2000 jobs at risk,-0.25
Tesco Versus Sainsbury: Weight-Watcher vs. Bodybuilder,0.213
"Buffett talks wind energy, Coca-Cola at Berkshire meeting",0.089
TSB boss: Current account switching must be simpler,-0.083
Barclays CEO Staley Says Brexit Slump Caused by Profit Fears,-0.253
Retailers Kingfisher and Sports Direct rise in Britain's share index,0.467
Berkshire Shareholders Pepper Warren Buffett With Some Hard Questions,-0.161
"GLOBAL MARKETS-Stocks gain on Royal Dutch Shell bid, oil slumps",0.28400000000000003
EasyJet Dismisses Lufthansa Low-Cost Plan in Contest for Germany,-0.013000000000000001
AstraZeneca says new lung cancer pill Tagrisso approved by EU,0.481
Two former Barclays traders face retrial over Libor,-0.743
MarketsBP promotes upstream boss to deputy CEO,0.066
"Glencore swings to loss, will sell more assets",-0.5650000000000001
Shell to buy BG Group in $69.7 billion takeover,0.25
Clydesdale Bank hit with record PPI fine for 'unacceptable' staff lies,-0.707
UK's FTSE climbs to record closing high as Standard Chartered surges,0.763
US judge rules that BP spill smaller than feared,0.018000000000000002
Royal Mail Revenue Flat As Letters Weakness Offsets Parcels Strength,0.0
"AB InBev launches SAB bid, to sell MillerCoors stake",0.053
ARM Royalties Accelerate as Smartphone Market Regains Strength,0.5710000000000001
Shell fined by Scottish court for 2011 North Sea oil spill,-0.6930000000000001
Glencore chief blames rivals' overproduction for share price fall,-0.301
"Ackman, in email, says supports Valeant CEO Pearson",0.166
GlaxoSmithKline's CEO Witty to bow out in March 2017,-0.12
Standard Life shuts Â£2.9bn property fund after investors rush to withdraw money post-Brexit,-0.706
Shire CEO steps up drive to get Baxalta board talking,0.124
FTSE slide halted by BP's Â£12bn US settlement - London Report,-0.4
Sainsbury's pressed to raise bid for Home Retail Group,-0.012
"FDA approves NPS drug, in move validating Shire takeover deal",0.364
Sanofi poaches AstraZeneca scientist as new research head,0.066
CompaniesSanofi poaches immunology expert from AstraZeneca,0.188
ITV to pursue takeover of Canada's Entertainment One: Bloomberg,0.199
"Broker tips: RBS, Croda, Sage",0.381
"Royal Mail, Johnson Matthey lead FTSE lower",-0.438
Industry NewsWhitbread sales sink in fourth quarter on Costa slowdown,-0.562
Diageo and Carlsberg hit as Russians suffer from oil price collapse and rouble ...,-0.468
GlaxoSmithKline share price slips as FDA okays asthma therapy only for adults,-0.40800000000000003
Report: Financial Times up for sale,-0.052000000000000005
Glencore raises $2.5bn through share placing to help cut debt load,0.124
BP joins forces with Det Norske in Norway,0.248
No pay hikes this year at Rio Tinto as mining slump bites,-0.387
"Nine banks including Barclays, Citi, agree to pay $2 billion to settle forex ...",-0.647
Warren Buffett's Berkshire Hathaway buys stake in Apple,0.989
"Broker tips: RBS, Croda, Sage",0.391
London Stock Exchange seals Â£22 billion merger with Germany's Deutsche BÃ¶rse,0.29
FTSE steadies around 2-month low Diageo shares surge,0.361
"Glencore Cuts 2015 Budget, Plans To Divest From Lonmin",-0.314
London Stock Exchange Shareholders Approve Merger With Deutsche BÃ¶rse,0.406
"We'd support HSBC leaving London, says Standard Life",0.029
News FeedFTSE 100 movers: LSE surges as ICE says mulling offer; Ashtead and Barclays tank,0.226
CompaniesTesco bumps up pay for store staff,0.084
BP pay boss feels the heat from revolt over Dudley's Â£14 million,-0.179
UPDATE 3-Stifel to buy former Lehman brokerage from Barclays,0.149
Shell Plans to Shed 2800 Jobs After Buying BG Group,-0.451
"Old Mutual to split up, may list some businesses",0.164
"RBS, Lloyds Most Exposed to Commercial Property, JPMorgan Says",-0.2
CompaniesKingfisher bid for Mr Bricolage runs into trouble,-0.253
EasyJet to pass on lower fuel prices to customers,0.093
Tesco loses two more directors as Garfield and Tammenoms step down,-0.267
The UK Government's Call To Sell Shares In Royal Bank Of Scotland Group plc ...,-0.295
Credit Suisse poaches Prudential's Thiam for Asian push,-0.031
"Should You Buy Jumbo Yielders British American Tobacco plc, Centrica PLC & John Wood Group PLC?",0.10300000000000001
Britain's FTSE eyes 7th straight daily rise; Wolseley lags,-0.31
EU regulator backs approval for GSK injectable asthma drug,0.379
Rolls-Royce to Ensure Compliance After Petrobras Bribery Report,-0.075
LSE gets Hong Kong regulatory nod to HK firms to become LSE members,0.247
"Warren Buffett's Berkshire adds to favorites IBM, Wells Fargo",0.422
Canadian Pension fund Borealis renews pursuit of Severn Trent : report,0.357
ITV merger reports boost Footsie stocks,0.42
"Kraft, Cadbury's and Britvic in Total Recall: how pulling a product affects profit",-0.158
Wolseley helps lift FTSE from losses,0.47000000000000003
Novo Nordisk and AstraZeneca seek tonic from key drug trials,0.098
"Saudi Aramco, Shell plan to break up Motiva, divide up assets",-0.14200000000000002
CommentOpening Quote: pay day moans; profits slump for Lloyds; Mars mission,-0.512
AstraZeneca sells Caprelsa rights to Sanofi unit,0.242
Industry NewsWood Group wins multi-million dollar contract with BP,0.436
Royal Mail and workers' union agree pay deal,0.20800000000000002
Lloyds wins right to buy bonds back early to save 1 billion pounds,0.369
"Britain's FTSE buoyed by Admiral, building sector gains",0.669
Tesco share price: Brand Guarantee comes under fire,-0.209
"FTSE led lower by M&S, GlaxoSmithKline",-0.448
FTSE edges up as investors cheer Kingfisher results,0.678
HSBC chief hit with tax-avoidance scandal,-0.528
British government stake in Lloyds Banking Group fa,-0.1
AstraZeneca's $727 million play to do away with chemotherapy,0.295
HSBC appoints business leaders to board,0.154
Diageo and Carlsberg hit as Russians suffer from oil price collapse and rouble ...,-0.483
"Buffett's Berkshire builds Deere stake, dumps Exxon",0.316
BUZZ-BG Group: outperforms sector after record output,0.853
Teva First-Quarter Net Rises 11% Amid Mylan Takeover Battle,0.652
"After Barclays and Bank of America, Citigroup has blockchain in sight",0.224
"Industry NewsG4S makes 'positive' start to year, no new impairments",0.327
Morrisons helps FTSE edge higher energy shares slip,0.376
Old Mutual share price: Wealth unit seen as blue-chip company,0.666
CompaniesUnilever sales lifted by ice cream in soft economy,0.383
InterContinental Hotels first-quarter global room revenue lags estimates,-0.329
"Bunzl backs 2015 view, buys more businesses",0.487
Bidders Abandon Auction Of Tesco Data Unit,-0.358
"EU drops Shell, BP, Statoil from ethanol benchmark investigation",0.276
Euro zone QE helps Standard Life first-quarter funds boost,0.426
Smith & Nephew 2015 trading profit beats expectations,0.5650000000000001
Closely watched AstraZeneca cancer drug fails in mesothelioma,-0.5680000000000001
Glencore slumps 25 pct as debt fears grow,-0.718
Rolls-Royce to Ensure Compliance After Petrobras Bribery Report,-0.247
AB InBev offers SABMiller $3 billion breakup fee,0.197
Barclays Executive Harrison Denies Knowledge of Libor Fixing,-0.24
Standard Life hit by 'unprecedented' number of calls on pension freedoms,-0.28200000000000003
Renewed AB InBev Bid for SABMiller Ups Stake in Beer Battle,0.232
CompaniesAB InBev signals it won't go hostile for SABMiller,0.11900000000000001
Meggitt Acquires Cobham Advanced Composites Unit For USD200 Million,0.28200000000000003
LSE Group names former SEC head Schapiro non-executive director,0.01
IAG closes in on Aer Lingus with increased offer,0.246
US sanctions put Gazprom-Shell alliance plans in jeopardy,-0.353
AstraZeneca Teams With Daiichi Sankyo To Sell Movantik In US,0.369
Analyst Views: Astrazeneca shares have seen recent volatility; what will 2015 ...,-0.12
"OCBC to Buy Barclay's Wealth Management Unit in Singapore, Hong Kong",0.267
BP agrees to $18.7B penalty for oil spill; the tricky science behind ...,-0.8300000000000001
AstraZeneca's MedImmune Inks Licensing Deal With Omnis Pharmaceuticals,0.295
NYSE owner ICE may gatecrash Deutsche Boerse-LSE merger,-0.2
"Aldi and Lidl expansion plans speed ahead as Tesco, Sainsbury's, Morrisons ...",0.456
Compass Group says positive for year ahead,0.634
Pearson expects to return to growth this year,0.23800000000000002
Rolls-Royce Wins $9.2 Billion Order From Emirates Airline,0.777
Unilever head's resignation sparks spinoff talk,0.073
AstraZeneca wins US approval for longer use of blood thinner,0.447
BAE Systems cuts earnings target for 2015 and 370 jobs,-0.631
Morrisons and Debenhams surprise City with Christmas bounce back,0.5730000000000001
Whitbread to hike prices to offset 'substantial' national living wage bill,-0.122
"DBS, Julius Baer emerge as potential bidders for Barclays Asia wealth unit ...",0.31
CompaniesCar insurer Hastings Group driving Â£180m IPO,0.302
GlaxoSmithKline starts hunt for successor to CEO Witty,0.0
National Grid's pretax profit rises 15 percent,0.727
"Britain's FTSE steadies, supported by Dixons Carphone",0.329
CRH's concrete bid for Holcim Lafarge assets,0.163
UK's Morrisons in talks to sell convenience stores - source,-0.169
"HSBC keeps headquarters in London, rejects move to Hong Kong",0.058
Shell share price: Standard Life announce position against BG acquisition,-0.099
"EU regulators clear $100 billion-plus AB InBev, SABMiller deal",0.392
Secretive Barclays deal involved Qatari clients,-0.15
British American Tobacco first-half sales hurt by currency moves,-0.34600000000000003
"European shares plunge, roiled by BHP and oil; hopes turn to ECB",-0.736
Tullow Oil eyes lower earnings as output falls,-0.48
"U.K. Stocks Little Changed Near Record as Barclays, Shell Fall",-0.508
BG Group ships first LNG From Queensland Curtis,0.252
Trading ExpertBROKER RECOMMENDATIONSAnalysts mostly negative on Aberdeen but some see value,-0.34500000000000003
"MarketsUBS, Goldman Sachs cut metals forecasts",-0.311
CompaniesKingfisher bid for Mr Bricolage runs into trouble,-0.313
CompaniesUK government lines up Â£2bn Lloyds retail share sale,-0.24
"UPDATE 1-AstraZeneca buys ZS Pharma for $2.7 billion, pips Actelion",0.468
UPDATE 3-Auto Trader shares leap in UK's biggest private equity-backed listing,0.641
Standard Chartered Will Close Equity Sales and Research Business,-0.243
CompaniesNational Grid lines up sale of gas business,0.136
2 Turnaround Buys For 2016? BHP Billiton plc And Home Retail Group Plc,0.462
Prudential knocked after investors withdraw Â£3.9bn from M&G,-0.778
US walrus protections hit Shell's Arctic drilling plan,-0.264
Severn Trent Profit Offsets Interest Rate Swap Losses,0.11900000000000001
CompaniesTullow says gas exports at key field disrupted,-0.274
"AstraZeneca bags another cancer drug deal, this time with Inovio",0.259
"Tesco, Asda sales fall as march of the discounters continues-Kantar",-0.356
"We'd support HSBC leaving London, says Standard Life",0.026000000000000002
Severn Trent profit up as customer complaints fall,0.47200000000000003
US dollar wipes out sales gains for SABMiller,-0.582
"AstraZeneca digs into precision medicine with lung, heart deals",0.20500000000000002
Lloyds Banking Group to cut 640 jobs and close 23 branches,0.28700000000000003
London Stock Exchange Group's quarterly revenue rises 12 percent,0.726
News FeedFTSE 100 movers: LSE surges as ICE says mulling offer; Ashtead and Barclays tank,-0.713
Dixons Carphone Profit Beats Forecast in First Year Since Merger,0.5690000000000001
PRESS: HSBC Chairman Hints Bank May Retain UK Domicile - Tel,0.037
"Associated British Foods Profit Hit by Strong Sterling, Tough Sugar Business",-0.466
Former Schroders trader sentenced to 2 years in prison,-0.555
GSK and Novartis complete deals to reshape both drugmakers,0.264
Barclays Names Mike Bagguley as Chief Operating Officer of Investment Bank,0.0
BHP Billiton share price: Brazil to sue Samarco for Â£3.5bn,-0.28500000000000003
"Should you buy Associated British Foods plc, Great Portland Estates plc and Dunelm Group plc following today's news?",0.11900000000000001
Barclays hit with record fine as six banks settle forex scandal,-0.771
UK Serious Fraud Office Seeks Retrial of Two Former Barclays Libor Traders,-0.604
Cuadrilla files to delay application to frack in Lancashire,-0.41600000000000004
GlaxoSmithKline hails progress with lung disease treatment,0.578
Morrisons escapes FTSE relegation,0.177
ITV Acquires 'Poldark' Production Company Mammoth Screen,0.197
RPT-UPDATE 2-Former Jefferies trader Litvak's conviction overturned,0.1
Tesco Sales Deteriorate Ahead of Crucial Christmas Period,-0.552
"Barclays, Credit Suisse strike record deals with SEC, NY over dark pools",-0.896
Tesco sells Blinkbox and broadband service to TalkTalk,0.136
"Hammerson, JV Partner secure ownership of Ireland's Dundrum - Quick Facts",0.381
UPDATE 1-Berkshire applies to boost Wells Fargo stake above 10 pct,0.432
Travis Perkins Hikes Dividend 20% As Profit And Revenue Rise,0.769
GSK reveals strong trial results for shingles drug,0.402
Experian says receives class actions related to T-Mobile breach,-0.6980000000000001
Shell shells out over Nigeria oil spill,-0.386
Tesco to pay $12 million to settle US lawsuit,-0.311
"FTSE 100 moves lower, but HSBC outperforms",0.513
Meggitt share price tumbles as profit falls in 'challenging year',-0.854
BG Group Still Happy With Shell's $70 Billion Offer,0.267
AB InBev attacks SABMiller bid rebuffal,-0.158
Aberdeen to raise 100 mln stg to seed new funds,0.337
Sales boost for new Morrisons chief David Potts as Tesco turnaround stalls,-0.41000000000000003
The Latest: Buffett says cuts will pay off at Kraft Heinz,0.41300000000000003
Glencore Studies Possible IPO for Agricultural Trading Business,0.40800000000000003
"OCBC to Buy Barclay's Wealth Management Unit in Singapore, Hong Kong",0.257
Gabon Considering Back Tax Penalties Against Royal Dutch Shell,-0.426
"Barclays picks ex-JPMorgan exec Staley as new CEO, to start Dec 1",0.0
Insight hires Aviva's David Hillier for multi-asset team,0.107
Struggling Morrisons pays out Â£3m to sacked boss Dalton Philips â€“ with more to ...,-0.35000000000000003
Government to sell off remaining 14% stake in Royal Mail,-0.607
United Utilities' full-year underlying operating profit falls 9 percent,-0.417
Tesco to close remaining Homeplus stores in UK,-0.326
CEO of Berkshire's Gen Re to retire; Jain's role grows,-0.07200000000000001
Morning Agenda: Shire's Deal for NPS,0.193
WPP boosts sales despite cautious clients,0.251
"Britain's FTSE rises, led up by Glencore surge",0.62
Brewer AB InBev seeks $275 bln tie-up with SABMiller,0.295
Tesco shareholders back ITV head for chairman,0.08
Kingfisher takeover of Mr Bricolage could hit a brick wall,-0.261
Old Mutual First-Quarter Sales Up 18% Buoyed by Emerging Markets,0.6890000000000001
"UPDATE 2-Prudential will see strong first-half earnings, outgoing CEO says",0.43
Shell challenges Exxon dominance with 47 billion-pound bid for BG,0.30000000000000004
RSA Insurance Hires Towergate's Egan as Chief Financial Officer,0.021
"GlaxoSmithKline heart drug flops in study, shingles vaccine on track",-0.224
ICE Said to Start Lining Up Financing for LSE Bidding War,0.328
"FTSE rallies off three-month low, boosted by StanChart, Sainsbury",0.465
Lloyds sells Irish loan portfolio for Â£827m,0.177
EasyJet Dismisses Lufthansa Low-Cost Plan in Contest for Germany,-0.227
Renewed AB InBev Bid for SABMiller Ups Stake in Beer Battle,0.23600000000000002
BHP's iron ore outlook holds little cheer for small miners,-0.43
Shire share price under pressure after $32bn Baxalta deal,-0.186
PRESS: Pearson Set To Announce Sale Of Financial Times - Reuters,0.11900000000000001
Citigroup to Sell OneMain to Springleaf for $4.25 Billion,0.28300000000000003
"Five years after BP oil spill, some Gulf oystermen are losing hope",-0.514
Walmart still selling Maryland T-shirts featuring the outline of Massachusetts,0.03
"GlaxoSmithKline beats profit forecasts despite Advair hit, lower margins",0.35000000000000003
Market Report: Eight-day rally ends for FTSE 100 and Standard Chartered,0.008
GlaxoSmithKline set to complete $20 billion Novartis asset swap next week,0.189
Tesco's Sales Pickup Isn't Enough,-0.23
RBS chairman admits surprise at size of regulatory penalties,-0.333
Persimmon sells 17% more houses in 2014,0.6890000000000001
CRH's concrete bid for Holcim Lafarge assets,0.28200000000000003
ITV strike: Broadcaster's revenue soars but staff walkout for a piece of the action,0.537
McEwan will be nursing RBS through more struggles yet,-0.433
Arm profits and sales up as shift away from mobile gains pace,0.497
Teva First-Quarter Net Rises 11% Amid Mylan Takeover Battle,0.58
Land Securities warns of rent rises,-0.138
Glencore shares hit 3-month high after refinancing key credit line,0.363
RBS becomes a shadow of its former self,-0.808
Sir Ken Morrison has taken a Â£6m stake in rival Sainsbury's,0.357
Barclays Bonds Rise as Lender Cuts Dividends to Shore Up Capital,0.261
UPDATE 1-Pearson expects to grow this year after solid end to 2014,0.446
AstraZeneca Acquires ZS Pharma in $2.7 Billion Deal,0.583
Market Report: Aviva tops the market as traders approve of its choice of Friends,0.443
Admiral and Schroders lift FTSE with profits surge,0.7010000000000001
Tesco closes in on new chairman with Dixons Carphone's John Allan in the frame,0.295
UK's FTSE hits new record highs as CRH climbs,0.432
GlaxoSmithKline set to complete $20 billion Novartis asset swap next week,0.292
Shell share price: Standard Life announce position against BG acquisition,-0.134
GE to Sell Majority Stake in Bank BPH's Core Bank to Alior Bank,0.213
"U.K. Stocks Resume Gains to Rally to Record; CRH, Tullow Climb",0.544
MarketsMoneysupermarket slides 11% on Barclays Brexit warning,-0.625
"Can Standard Chartered PLC, BP plc & Burberry Group plc Keep Charging?",0.18
Can Christmas Save Sainsbury's plc And Tesco plc?,-0.158
HSBC Says Unit to Book $585 Million Charge on Settlement,-0.434
FTSE boosted by Dixons Carphone with Fed in focus,0.522
Standard Life impresses as fee-based products offset annuities slump,0.552
CompaniesHome Retail trims gains but is considered 'in play',0.135
Intertek Group announces strategic update outlining its plan,0.046
Valeant CEO Pledges to Heed Critics After `Painful' Experience,-0.381
Industry NewsHammerson joint venture buys Dublin loan portfolio,0.275
AstraZeneca sells Caprelsa rights to Sanofi unit,0.233
Greenpeace Protest of BP Forces British Museum to Close,-0.32
"L&G fund arm, Nikko Asset Management sign bond fund distribution deal",0.232
UPDATE 2-Pricey beers lift SABMiller's quarterly underlying sales,0.429
"Insight - Britain's bank tax jump threatens to push HSBC, StanChart to new home",-0.147
Royal Mail chairman Donald Brydon set to step down,-0.374
Teva: FDA Approves Generic Version of AstraZeneca Heartburn Drug,0.242
Prudential shares halted in Hong Kong pending announcement,-0.293
"CompaniesPound to boost ABF for now, but mixed impact ahead",0.364
"EU drops Shell, BP, Statoil from ethanol benchmark investigation",0.294
AstraZeneca chases Acerta to secure next cancer drug winner,0.776
"FDA panel backs safety updates for AstraZeneca, Takeda drugs",0.14300000000000002
Barclays PLC & Lloyds Banking Group PLC Are The 2 Banks I'd Buy Today,0.395
BBCN Bancorp to buy Wilshire Bancorp in $1 bln deal,0.493
Payout from BP oil spill settlement tops $5 billion,-0.639
RSA Insurance Hires Towergate's Egan as Chief Financial Officer,0.002
"Berkshire Bought Apple Stake at $99.49 a Share, Filing Shows",0.46
Sainsbury's and Glencore give FTSE a three-digit lift - London Report,0.8140000000000001
BHP Billiton drags FTSE lower after slashing dividend,-0.604
Glencore sees Tripoli-based NOC as sole legal seller of Libyan oil,0.037
Unilever returns to Cuba in joint venture with state,0.28700000000000003
Deals Help Shrink Glencore's Mountain of Debt,0.152
"Aldi and Lidl expansion plans speed ahead as Tesco, Sainsbury's, Morrisons ...",0.456
British taxpayers' stake in Lloyds falls below 22 percent,-0.537
Fears Primark growth is starting to falter,-0.338
"U.K. Stocks Resume Gains to Rally to Record; CRH, Tullow Climb",0.674
Royal Bank of Scotland becomes Facebook customer,0.25
MOVES-Ex-shadow minister McClymont joins Aberdeen Asset Management,0.022
"Are Aviva plc, Direct Line Insurance Group PLC And Admiral Group plc Set To Soar?",0.324
Morrisons and Debenhams surprise City with Christmas bounce back,0.619
"FTSE ends lower on weaker miners, Tesco outperforms",0.402
CompaniesCoutts raids JPMorgan Chase for new CEO,-0.191
Philippines' San Miguel says to partner with Kirin if it bids for SABMiller's ...,0.577
Tesco share price down as grocer faces SFO investigation outcome,-0.542
"FTSE rallies off three-month low, boosted by StanChart, Sainsbury",0.334
"Are ARM Holdings plc, Domino's Pizza Group plc and ASOS plc 3 must-have growth stocks?",0.063
AstraZeneca share price: Acerta deal pays off with orphan drug status,0.317
Cost savings help Robinsons maker Britvic to first-half profit,0.373
CompaniesTesco sends supermarket shares to top of FTSE,0.583
"Diageo, Heineken Exchange Emerging-Market Brewing Assets",0.137
Protesters gather in Seattle to block access to Shell oil rig,-0.4
Passengers rise at EasyJet and Aer Lingus,0.34600000000000003
Intertek profit up 16.1%; expects to meet forecast,0.66
"Oil majors like Royal Dutch Shell, Chevron, BP fail to find reserves to counter ...",-0.401
Tesco's boss knows which side his bread is buttered,0.183
UPDATE 3-Ex-Barclays director accused by US of illegal tips to plumber,-0.34
GSK hopes big clinical trial can breath new life into lung drug,0.093
UPDATE: Peter Long To Be Chairman Of Both Royal Mail And TUI AG,0.0
Standard Chartered CEO Peter Sands to Resign After Unrest at Bank,-0.301
Industry NewsStrong results at Travis Perkins marred by plumbing impairment,-0.088
Mongolia and Rio Tinto agree $5bn Oyu Tolgoi mine expansion,0.30000000000000004
AstraZeneca to Buy ZS Pharma for $2.7 Billion,0.551
"Aviva plans to up pay-out ratio, says too soon to judge Brexit impact",0.107
Reluctant shareholder George Osborne loses patience with RBS,-0.28500000000000003
Cuadrilla and protesters await Lancashire fracking decision,-0.114
Currency causes full-year headaches for SABMiller,-0.428
Beach holiday demand helps lift clouds for easyJet,0.456
ARM Holdings plc Partners With International Business Machines Corp. To Drive ...,0.273
NYSE owner ICE may gatecrash Deutsche Boerse-LSE merger,-0.281
"StanChart announces $5.1 billion capital-raising plan, posts Q3 loss",-0.499
BT Group's third quarter revenues rise as restructure unveiled,0.5640000000000001
SSE share price: Peterhead station to supply voltage support to National Grid,0.253
Insurer Old Mutual picks Standard Bank's Hemphill as new CEO,0.025
Berkshire seeks to boost its Wells Fargo stake above 10 percent,0.314
AstraZeneca's patent on asthma drug invalidated by US court,-0.656
Lloyds Bank Is Said to Face Potential Fine Over Handling of Insurance Complaints,-0.468
Goodwin not to face Scottish prosecution over RBS,0.114
TOP NEWS: Barclays Profit Depressed By Foreign Exchange Provisions,-0.434
RBS Pays $1.7 Billion to Scrap U.K. Treasury's Dividend Rights,0.066
"Glencore 2014 profit in line, takes $1.1 billion charge on commodity prices",0.124
Morrisons share price: Group trading director departs as management cull ...,-0.158
Lloyds returns Â£13bn to UK taxpayer,-0.154
Weir leads FTSE lower after oil price profits warning,-0.59
Retail focus helps to shield Lloyds from banking chill,0.253
UPDATE 1-RBS raising $3.1 billion through issue of CoCo bonds,0.149
Retailers Kingfisher and Sports Direct rise in Britain's share index,0.459
UPDATE 1-Rio Tinto to sell aluminium assets in $1 bln deal -paper,0.262
EasyJet attracts more passengers in June but still lags Ryanair,0.21
"FastJet slams EasyJet founder Stelios for going public, is ""taking legal advice"" over letter about contractual ...",0.155
Barclays fined for anti-money-laundering failings,-0.811
CORRECTED-Shire to buy Dyax for about $5.9 bln,0.402
"BP, Statoil, to Withdraw Staff From Algeria Following Rocket Attack",-0.242
ITV shares dip after update,-0.427
"Centrica extends gas deals with Gazprom, Statoil",0.23900000000000002
Glencore shares enjoy bounce-back after Hong Kong-led surge,0.434
Ruling sets lower limit on potential fine for BP,-0.261
Sports Direct Shares Tumble as Founder Ashley Sells Shares,-0.596
Shell challenges Exxon dominance with 47 billion-pound bid for BG,-0.196
Diageo receives reports from United Spirits on financial irregularities involving ...,-0.272
Credit checker Experian reports fall in full-year profit,-0.39
Insurer Old Mutual picks Standard Bank's Hemphill as new CEO,0.022
Barclays reports 8% fall in annual profits,-0.724
Teva: FDA Approves Generic Version of AstraZeneca Heartburn Drug,0.47600000000000003
Balfour Beatty plc Set To Reinstate Dividend (And Rival National Grid plc And Centrica PLC Once More?),0.40800000000000003
Chipotle Sales Plunge as Troubled Chain Gets Federal Subpoena,-0.789
Shell offers 50 percent premium to buy BG for $70 billion,0.193
Morrisons share price: Founder's son to assist CEO with turnaround,0.137
UPDATE 1-EU regulator backs approval for GSK injectable asthma drug,0.418
Sainsbury sells unit to LloydsPharmacy,0.234
Former Barclays traders stand trial in Libor case,-0.329
Tesco share price jumps as Q3 sales top estimates,0.719
"South Africa approves SABMiller, Coke bottling deal with conditions",0.308
CompaniesActelion shares hit record on Shire takeover talk,0.34500000000000003
UPDATE: Aggreko Interim Profit Drops As It Undertakes Restructuring,-0.381
"HSBC, Standard Chartered Lead Asia Bank Rout as U.K. Votes 'Out'",-0.536
Standard Chartered's Shares Plunge 7% After Fitch Downgrade,-0.812
Standard Chartered Misses Estimates in Sands's Last Results,-0.438
"HSBC shakes up board with two new business chiefs, three departures",-0.074
Britain's FTSE slips from 2016 high as Sky falls,-0.458
BHP Billiton to lower copper production costs,0.31
Glencore Sells Shares to Raise $2.5 Billion and Reduce Debt,0.274
CompaniesSmith & Nephew flops 6.8% to foot of FTSE 100,-0.666
"Philip Morris, BAT Sue Over Law Taking Branding Off Packs",-0.152
Asahi could be about to snap up more of SABMiller's beers ahead of AB InBev sale,0.20700000000000002
Buffett's Company Reports 37 Percent Drop in 2Q Earnings,-0.5660000000000001
BP Judge Urged to Impose $11.7 Billion-Plus Spill Fine,-0.588
RBI surprises Street; Sensex pares gains after hitting mount 30k,0.89
"Royal Mail needs to deliver on modernisation plans, post haste",-0.046
Barclays CEO poaches risk head from JP Morgan,0.1
"Sainsbury's, Asda, Tesco and Morrisons will all cut petrol prices as oil falls ...",-0.251
Clydesdale Bank H1 profits weighed down by PPI charge,-0.343
UPDATE 1-AstraZeneca sells rare cancer drug to Sanofi for up to $300 mln,0.258
CompaniesDeutsche taps ex-StanChart executive for audit role,0.0
Cuadrilla chief Francis Egan: Scaremongering fracking opponents make me angry,-0.05
Investors Remain Skeptical About Shell-BG Deal,-0.266
Amazon to attack UK grocery market with Morrisons deal,0.333
Glencore tells investors it is on track to reduce debt: Barclays,0.34400000000000003
UPDATE 3-Barclays fined for lax crime checks in 'deal of century',-0.8290000000000001
Prudential hit by withdrawals from M&G investment arm,-0.704
Old Mutual faces backlash over Â£9m chief exec payout plan,-0.379
Barclays backs new iPhone and Android app that lets users send each other money using a bitcoin network,0.147
Diageo Sells Ryder Cup Venue Gleneagles Hotel to Ennismore Group,0.198
Lloyds to cut 945 jobs as part of three-year restructuring strategy,-0.532
CommentOpening Quote: Tesco; Premier Foods jilted; FCA on IPOs,0.0
Investor Woodford calls for outsider to head GlaxoSmithKline,0.14
Randgold Resources third quarter profit slips despite record production,-0.39
News FeedFTSE 100 movers: LSE surges as ICE says mulling offer; Ashtead and Barclays tank,-0.719
"Goldman Sachs, Barclays, HSBC downplay Brexit threat",-0.14
UPDATE 1-UK to start selling remaining Royal Mail shares,-0.278
Companies Thetrainline.com announces arrival of London IPO,0.245
Hargreaves weathers torrid ISA season and Brexit fears,-0.6000000000000001
PRESS: UK Government Would Oppose Any BP Takeover - FT,-0.077
"Britain's FTSE gains, Land Securities up after dividend hike",0.549
AstraZeneca's MedImmune Inks Licensing Deal With Omnis Pharmaceuticals,0.25
What It Takes for Royal Dutch Shell to Break Even,0.0
Industry NewsPetrofac secures $250m North Sea contract,0.581
"Lloyds Will Cut 640 Jobs, Close 23 Branches as Part of 2014 Plan",0.28700000000000003
Royal Mail turnaround proving expensive in tough UK market,-0.057
IHG agrees $938 sale of InterContinental Hong Kong,0.28500000000000003
Barclays Said to Shrink Bonus Pool to Less Than 2 Billion Pounds,0.231
Shire Offers to Buy Baxalta for $30 Billion,0.302
Crown Castle buys Tower Development Corp for $461 million,0.366
LONDON MORNING BRIEFING: HSBC And Standard Chartered Shares Rise,0.556
Norway's sovereign wealth fund says backed Shell CEO's pay,0.191
MarketsProperty stocks under pressure after Standard Life fund move,-0.31
UPDATE 5-SABMiller rejects AB InBev's $104 bln takeover approach,-0.34
BP's fine for 2010 oil spill capped at $13.7 billion,-0.896
Oilfield services firm Petrofac's debt shoots up 50 per cent,-0.72
Eli Lilly & Co. (LLY) Has Broken Out To A New High On AstraZeneca Collaboration,0.516
FTSE 100 movers: BG Group leads the charge as resource stocks jump,0.642
Spain's CaixaBank Expects To Close Deal For Banco BPI,0.277
Royal Mail share price: Postal service issues trading update,-0.111
Barclays Said to Cut 150 at Investment Bank as McCormick Departs,-0.492
Glencore fight back over debt fears lifts shares,0.278
SAB's Chairman Digs In With Board Divided on InBev Offer,0.04
Britain facing winter of blackouts as National Grid warns of tightest power ...,-0.251
AB InBev approaches SABMiller to explore $250bn tie-up,0.23700000000000002
Barclays launches first 100% mortgages since crisis,0.198
Germanwings disaster will not affect image of budget air travel - easyJet,0.096
"Nine banks including Barclays, Citi, agree to pay $2 billion to settle forex ...",-0.661
"After Barclays and Bank of America, Citigroup has blockchain in sight",0.178
Early victory for new CEO as Morrisons beats forecasts,0.753
Barclays said to be cutting 150 investment bank jobs,-0.456
Shell challenges Exxon dominance with 47 billion-pound bid for BG,0.078
"Should You Buy Jumbo Yielders British American Tobacco plc, Centrica PLC & John Wood Group PLC?",0.099
London Stock Exchange seals Â£22 billion merger with Germany's Deutsche BÃ¶rse,0.327
Unilever Finds Growth More Elusive as Sales Meet Estimates,0.41300000000000003
Primark racks up a happy Christmas after strong sales,0.704
New York says Barclays not cooperating in 'dark pool' probe,-0.599
"FDA approves NPS drug, in move validating Shire takeover deal",0.332
Royal Mail share price edges lower as group raises stamp price,-0.269
Sainsbury's and Glencore give FTSE a three-digit lift - London Report,0.719
Tesco share price dips as Blinkbox Books closes ending supermarket's digital ...,-0.389
Tata Steel working with StanChart for UK unit sale - source,0.218
Diageo offloads major wine interests,-0.384
Glencore Agrees to Sell Minority Stake in Agriculture Business,0.264
Diageo sells wine businesses for 320m pounds,0.323
Breakingviews: IAG can pay more for Aer Lingus,0.12
UPDATE 1-UK government would oppose any takeover of BP -FT,-0.085
Australian mining slowdown hits Aggreko,-0.439
The sustainability of Royal Dutch Shell's dividend,0.0
CompaniesCoutts raids JPMorgan Chase for new CEO,0.0
Easyjet traffic hit by air traffic controller strikes and terrorism,-0.324
Dixons Carphone says cyber attack may have exposed customers' data,-0.6890000000000001
Stars aligned' for AB InBev's megabrew merger plan,0.256
AstraZeneca's Good Deal Turns Bad,-0.51
Tesco share price dips as Blinkbox Books closes ending supermarket's digital ...,-0.357
"Aldi and Lidl expansion plans speed ahead as Tesco, Sainsbury's, Morrisons ...",0.456
Primark plots expansion in US and Europe,0.326
BP shares tumble after $2.2bn fourth-quarter loss,-0.927
Is Trouble Brewing At Legal & General Group Plc And Aviva plc?,-0.268
Berkshire Hathaway's 4Q profit declines 17 percent,-0.724
Ex-Barclays traders sentenced to up to six years' jail in Libor case,-0.805
BP slashes capital spending by 20%,-0.462
Shell's profits hit by further slide in oil prices,-0.75
The Coca-Cola Company and Coca-Cola FEMSA to Acquire AdeS Soy-Based Beverage Business From Unilever,0.259
Stars aligned' for AB InBev's megabrew merger plan,0.292
Tesco sells half of stake in ecommerce site Lazada to Alibaba for Â£90m,0.365
Lloyds is cutting more than 600 jobs and shutting 21 branches,-0.29
Can BP Restore Its Lost Luster?,-0.306
"Britain's FTSE steadies below record high, BHP gains",0.512
"Insight - Britain's bank tax jump threatens to push HSBC, StanChart to new home",-0.214
"Can Standard Chartered PLC, BP plc & Burberry Group plc Keep Charging?",0.0
Tesco Versus Sainsbury: Weight-Watcher vs. Bodybuilder,0.213
Stakes High for AstraZeneca Heart Drug Facing Tough Competition,-0.24
UPDATE 1-Cypress Semiconductor offers to buy Integrated Silicon Solution,0.461
Breakingviews: IAG can pay more for Aer Lingus,0.332
InterContinental Hotels denies exploring sale or merger,0.0
Peroni and Grolsch put up for sale as AB InBev plans acquisition of SABMiller,0.307
Hargreaves Lansdown says first-quarter assets hit by stock market flux,-0.392
Aviva Expects 1500 Jobs Cuts from Friends Life Deal,0.2
CompaniesThiam received Â£5m pay packet for final months at Prudential,-0.07100000000000001
"UPDATE 1-BHP Billiton's credit ratings fragile in FY16, agencies warn",-0.338
Royal Dutch Shell Posts Rise in Earnings Despite Lower Oil Prices,0.323
Shell to Go Ahead With Petrochemical Plant in Pennsylvania,0.335
AB InBev approaches SABMiller to explore $250bn tie-up,0.20600000000000002
Sugar tax spurs Pepsi owner Britvic to change drinks recipes by 2020,-0.047
Barclays poaches new chief operating officer Paul Compton from JP Morgan Chase,-0.092
CompaniesPhilips transfers $900m of pension obligations,0.375
Barclays in $13.75 million US settlement over mutual funds,-0.5740000000000001
Standard Life stands tall amid pension reform,0.371
AstraZeneca to Pay Inovio Up to $700 Million for Cancer Drug,0.33
Shire to buy NPS for $5.2 billion to boost rare disease drugs,0.296
Shell profit rises as company resist oil slump,0.558
FTSE ends higher; 3i Group leads after strong earnings,0.47400000000000003
"FTSE falls to 3-month low on Greek debt concerns, easyJet skids",-0.41400000000000003
Companies Severn Trent expects costs hit from inflation,-0.353
Glencore blames rivals for creating metals glut,-0.331
U.K. Shares Extend Rebound for Second Day as EasyJet Surges,0.28300000000000003
PRESS: Pearson Set To Announce Sale Of Financial Times - Reuters,0.012
Tesco shares jump 6% after Christmas sales beat expectations,0.8140000000000001
"CompaniesNew Aggreko CEO to reshape business, strip costs",0.177
Verizon and AT&T accused of hurting rivals,-0.446
Exclusive - Britain targets sale of half its RBS stake in two years: sources,-0.298
U.S. Debt Lures Schroders as ECB Depresses Rates,0.048
"Saudi Aramco, Shell plan to break up Motiva, divide up assets",0.31
InterContinental Hotels Denies Reports of Starwood Merger Talks,-0.078
Standard Chartered faces fresh claims of Iran sanctions violations,-0.51
Shire in talks with Baxalta shareholders,0.149
"SSE to Shut Coal-Fired Plant Amid Shift to Gas, Renewable Energy",0.056
Sharm el Sheikh: EasyJet axes all flights to Egypt's leading holiday resort,-0.272
"UPDATE 1-Norway's Statoil shakes up top management, replaces CFO",-0.116
Relief for Lewis as Tesco sees sales grow for first time in a year,0.42
Clydesdale and Yorkshire moves closer to independence,0.299
"European stocks hover near 3-week low, Dialog and BHP slump",-0.584
Dave Lewis admits long road ahead for Tesco recovery,-0.226
Tesco leads FTSE higher on Clubcard bid reports,0.453
Why I'd Buy ARM Holdings plc And BHP Billiton plc Today,0.209
Admiral Group posts decline in 2014 earnings,-0.594
"Britain's FTSE bounces back, Mondi and Barratt lead",0.552
UPDATE 3-Barclays sells Italian branches to Mediobanca at a loss,0.328
Morrisons finance chief to fill gap as CEO leaves early,-0.114
Sophos aims to raise $100m in London IPO,0.214
UK chip designer ARM hits a high after iPhone 6 boost,0.601
Wolseley share price: Group updates on quarterly performance,0.0
Rio Tinto announces long-delayed expansion of Mongolia mine,0.322
Shire rises as dry eye treatment sails through trial,0.465
Doubts grow over GlaxoSmithKline's $6 bln capital return plan,-0.221
Aviva weighs cash handout after beating profit forecast,0.377
Shropshire and Mid Wales trains to be hit again in new strike by Arriva drivers,-0.553
Greene King's third quarter sales boosted by festive season,0.363
Big account wins keep ad group WPP at front of pack,0.357
Worldpay readies for Â£6bn London float,0.162
"CEOs of BPM, UBI meet Italy econ minister as M&A talk heats up",0.116
"Should You Buy Jumbo Yielders British American Tobacco plc, Centrica PLC & John Wood Group PLC?",0.1
Dyson Wants to Create a Hair Dryer Revolution,0.299
Royal Dutch Shell to Buy BG Group for Nearly $70 Billion,0.37
"EXCLUSIVE-BP, China's CNPC to unveil oil alliance - sources",0.318
CORRECTED-Shire to buy Dyax for about $5.9 bln,0.62
BP set to cut hundreds of jobs at North Sea operations,-0.667
BP's head of exploration Richard Herbert departs,-0.149
"UPDATE 1-Nomura, RBS must pay $806 mln in mortgage bond case-US judge",-0.739
BRIEF-Legal & General's retirement business books 4 billion stg H1 sales,0.252
CompaniesRoyal Mail swerves new pricing regulations,-0.052000000000000005
JC Penney Cuts Pension Plan Obligation,0.075
Domino's Pizza worker sacked after crude slur aimed at customer on order screen,-0.275
"UPDATE 2-AB InBev launches SAB bid, to sell MillerCoors stake",-0.11900000000000001
Sales boost for new Morrisons chief David Potts as Tesco turnaround stalls,0.362
France raises concerns over proposed LSE-Deutsche Boerse deal,-0.271
Genel Shares Plunge After Tony Hayward's Oil Explorer Cuts Crude Reserves at Core Field,-0.734
LSE-Deutsche Boerse merger would signal end to exchange mega-deals,0.08600000000000001
Sports Direct boss Mike Ashley summoned to Westminster for questioning over the treatment of workers,-0.317
Diageo receives reports from United Spirits on financial irregularities involving ...,-0.255
Industry NewsWood Group wins multi-million dollar contract with BP,0.588
"Centrica extends gas deals with Gazprom, Statoil",0.164
Legal & General arm buys 50 pct stake in MediaCityUK in Manchester,0.379
Sainsbury's pressed to raise bid for Home Retail Group,0.385
"Buffett's Berkshire builds Deere stake, dumps Exxon",-0.548
"Aldi and Lidl expansion plans speed ahead as Tesco, Sainsbury's, Morrisons ...",0.367
Analysis - Copper market may get a 2003-style supply shock from Glencore closures,-0.605
Tesco share price: Korean currency slide may hit Homeplus sale plans,-0.367
AstraZeneca cancer drug may not be so fast getting to market,-0.393
Tullow Oil Suspends Dividend Amid Oil Price Fall,-0.498
UPDATE 3-Barclays sells Italian branches to Mediobanca at a loss,-0.637
Diageo Shares Surge on Report of Possible Takeover by Lemann,0.41500000000000004
"Aviva, Friends Life top forecasts ahead of 5.6 billion pound merger",0.189
Friends Life lifts profits 38% and hikes divi ahead of proposed Aviva takeover,0.387
Centrica suffers protest from shareholders over pay,-0.41100000000000003
Google Fiber to buy Webpass for big city Internet service,0.329
Is It Worth Investing In Tesco PLC And Prudential plc Now?,0.181
2 Turnaround Buys For 2016? BHP Billiton plc And Home Retail Group Plc,0.492
Halfords appoints Jonny Mason as new CFO,0.0
UPDATE 5-Buffett pays high price for Precision Castparts,0.21
Experian says receives class actions related to T-Mobile breach,-0.6980000000000001
Market Report: Aviva tops the market as traders approve of its choice of Friends,0.601
IAG closes in on Aer Lingus with increased offer,0.596
GKN to buy Fokker Technologies for 706 mln euros,0.295
UPDATE 1-Shire steps up drive to get Baxalta talking after $30 bln bid,0.275
Pearson in Talks to Sell Its Stake in the Economist Group,0.43
CompaniesTesco sheds Harris & Hoole coffee shops,0.30000000000000004
REFILE-BP agrees UK gas pipeline stake sale to infrastructur,0.268
"BHP Billiton slashes dividend, posts $5.67 billion net loss",-0.341
"StanChart capital raising would be ""major surprise"" -investor Aberdeen",0.044
Why I Would Put J Sainsbury plc In My Trolley Before Wm Morrison Supermarkets ...,-0.579
Glaxo Sees Hope for Respiratory Drugs as Earnings Beat Estimates,0.534
Peroni and Grolsch put up for sale as AB InBev plans acquisition of SABMiller,0.551
BRIEF-Aviva aims to increase dividend pay-out ratio to 50 pct in 2017,0.439
Direct Line rings up higher profit,0.482
Jim Armitage: Barclays boss Jes Staley steps up to the plate with post-Leave positivity,0.183
AstraZeneca sells rights to anaesthetics to South Africa's Aspen,0.325
GE to Sell Majority Stake in Bank BPH's Core Bank to Alior Bank,0.211
StanChart and RBS struggle in Bank of England stress tests,-0.738
Antofagasta Sees Lower Cash Costs In 2015 - Quick Facts,0.291
NPS prospects dependent on drug approval,0.0
Priceline's stock jumps to new high for the year after Barclays upgrade,0.847
Tesco leads leap in FTSE 100; Marks & Spencer drops,0.389
Tesco UK personnel director quits supermarket,-0.223
Royal Bank of Scotland fortunes ebbed and flowed under 3 chiefs,0.0
Exxon Beaumont CDU overhaul to be slowed by accident: sources,-0.368
TalkTalk hires BAE Systems to investigate cyber attack,-0.113
Valeant Said to Name New CEO With Pearson Still Hospitalized,0.015
ITV to pursue takeover of Canada's Entertainment One: Bloomberg,0.28200000000000003
Barclays appoints JPMorgan's Paul Compton as new COO,-0.014
Rio Approves $5.3 Billion Oyu Tolgoi Copper Mine Expansion,0.445
Weir Group sees continued fall in orders from oil and gas business,-0.382
New BG Group CEO Helge Lund Starts Earlier Than Expected,0.043000000000000003
"BHP, Residents Brace as Cyclone Stan Nears Australian Coast",-0.15
Glaxo's ViiV Healthcare Signs China Manufacturing Deal With Desano,0.28400000000000003
"Barclays brands financier Amanda Staveley's $1bn claim as ""misconceived""",-0.47500000000000003
"GlaxoSmithKline rebound gathering pace, says outgoing CEO",0.209
AB InBev to sell more SAB assets as seeks EU deal approval,-0.079
UK government cuts stake in Lloyds to below 11 percent,-0.18
Morrisons store closures: 900 jobs to go as 11 branches are closed due to ...,-0.2
BP chairman defends CEO Bob Dudley's pay increase,0.042
Profits Fall 25% At Standard Chartered PLC: Should You Buy Or Sell?,-0.649
SAB's Chairman Digs In With Board Divided on InBev Offer,0.016
Aviva Fined $27 Million by U.K. Regulator Over Fee Failings,-0.675
"Whitbread Profit Up As Sales Continue To Rise, Looking For New CEO",0.385
Persimmon shares nudge higher as housebuilder sees strong 2014,0.362
UPDATE 1-BG Group's record output limits oil price fallout,0.146
Standard Life share price: Group gets approval to hike stake in India JV,0.336
Tesco Mobile is offering you cash back in exchange for looking at ads,0.111
"Wolseley profit up 18%, warns on revenue growth",0.429
ITV share price: Group mulls takeover of Canada's Entertainment One,0.462
Blueprint Receives FDA Nod To Proceed With Clinical Trials For 2 Drug ...,0.256
SABMiller buys Meantime to quench thirst for craft beer,0.296
"Irish Said Chasing Standard Chartered, RBS as Brexit Vote Nears",0.10200000000000001
"After Barclays and Bank of America, Citigroup has blockchain in sight",0.198
US says HSBC must do more to improve compliance,-0.251
Carnival Corporation and China Merchants Group Sign Memo of Understanding ...,0.11900000000000001
Staley to face challenges at Barclays,-0.219
GSK aims to file up to 20 new drugs for approval by 2020,0.422
British American Tobacco accused of bribing senior politicians to sabotage ...,-0.794
BT finance director Tony Chanmugam to step down,-0.17
AstraZeneca to cut costs but stays silent on M&A talk,0.192
"Buffett's Berkshire builds Deere stake, dumps Exxon",0.031
Barclays Not Convinced by Gains in South African Stocks: Chart,-0.2
5 Years After BP Spill: What's Changed in Offshore Drilling,-0.468
AstraZeneca Explores Potential Deal With Acerta for Cancer Drug,0.372
Tesco sells half of stake in ecommerce site Lazada to Alibaba for Â£90m,0.30000000000000004
"UK sells more of Lloyds bank stake, 12.5 billion pounds raised so far",-0.263
Hargreaves Lansdown share price falls as costs mount - although pensions ...,-0.514
Meggitt agrees to buy US aerospace component firm for $340 million,0.216
TRLPC - CRH backs Lafarge Holcim asset buy with 6.5 bln euro bridge loan,0.333
Bloomberg buys Barclays' benchmarking business,0.275
"Barclays, Deutsche Bank Fight to Lift Profit Just Got Harder",-0.232
Royal Bank of Scotland chair hints Brexit turmoil will delay government sale,-0.358
"Sainsbury's, Asda, Tesco and Morrisons will all cut petrol prices as oil falls ...",-0.259
UPDATE 1-Berkshire applies to boost Wells Fargo stake above 10 pct,0.391
Shire Sees Baxalta Deal Closing as Expected After New Rules,0.274
AstraZeneca heart drug boosted by major clinical trial success,0.5720000000000001
Shire share price under pressure after $32bn Baxalta deal,-0.198
UK WINNERS & LOSERS: Aviva And Friends Life Lead FTSE 100 Gainers,0.502
CompaniesGlencore's annual results beat forecasts,0.792
Warren Buffett's Berkshire Hathaway quarterly profit jumps almost one third,0.667
Pfizer to cut 120 jobs with closure of Cambridge R&D centre,-0.456
Sainsbury's says to outperform rivals in tough market,0.536
Centrica share price: British Gas under fire despite 5% price cut,-0.337
RBI surprises Street; Sensex pares gains after hitting mount 30k,-0.216
"London open: Taylor Wimpey and Ashtead drive markets higher, Barclays falls",-0.657
easyJet leads Britain's FTSE lower as global bond rout resumes,-0.495
AB InBev to Sell SABMiller Stake in China's Snow Beer,-0.045
Merkel's Government Said to Support Deutsche Boerse-LSE Merger,0.358
Tesco share price closes higher as two more directors leave grocer,0.354
Tesco sells half of stake in ecommerce site Lazada to Alibaba for Â£90m,-0.038
UPDATE 5-Barclays Chairman McFarlane axes CEO to speed up strategic change,-0.229
"Berkshire Bought Apple Stake at $99.49 a Share, Filing Shows",0.057
Sainsbury CFO Rogers to Replace Home Retail CEO Walden,0.0
UPDATE 1-Lloyds to cut 945 jobs as part of 3-year restructuring plan,-0.266
Copper Prices up on Glencore Cuts to Zinc Supply,0.541
WPP's Sir Martin Sorrell is highest-paid FTSE 100 chief executive,0.109
Meggitt plc Crashes 20% On Profit Warning: Is It Now A Buy?,-0.775
UK government cuts stake in Lloyds to below 11 pct,-0.596
Passengers rise at EasyJet and Aer Lingus,0.329
"Sharm el-Sheikh travel disruption: British Airways, EasyJet, Thomson and ...",-0.6000000000000001
"US STOCKS-Wall St rises on Berkshire deal, China stimulus hopes",0.41200000000000003
Prudential Financial quarterly profit rises 64 pct,0.9500000000000001
US Seeks Huawei Records on Dealings With Sanctioned Nations,-0.388
Centrica urges policy overhaul as it warns of 'looming gap' in UK energy supplies,-0.17200000000000001
UPDATE 1-AstraZeneca potassium drug delayed by manufacturing snag,-0.28400000000000003
Activist Fund TCI Backs German Takeover of London Stock Exchange,0.34900000000000003
"Oil majors like Royal Dutch Shell, Chevron, BP fail to find reserves to counter ...",-0.402
Four ex-Barclays bankers sentenced for roles in Libor rate-rigging scandal,-0.539
AB InBev to sell more SAB assets as seeks EU deal approval,0.193
Berkshire applies to boost Wells Fargo stake above 10 percent,0.225
Tesco leads leap in FTSE 100; Marks & Spencer drops,-0.34700000000000003
Balfour Beatty plc Set To Reinstate Dividend (And Rival National Grid plc And Centrica PLC Once More?),0.41300000000000003
"UPDATE: CIB, Legal & General Sell Egyptian Life Joint Venture To AXA",0.148
BG Group appoints new CEO one month early,0.069
"FDA panel backs Glaxo asthma drug for adults, not adolescents",0.305
Barclays set to name former JPMorgan banker Staley as new CEO,0.0
Kingfisher share price slides on cost to implement new strategy,-0.786
"CompaniesTravis Perkins lifts dividend, earnings rise 15%",0.494
Standard Chartered Shifts Emerging-Markets Strategy After Losses,-0.461
